{
  "model": "vgg16_transfer",
  "split": "test",
  "n_examples": 1500,
  "accuracy": 0.7106666666666667,
  "precision_macro": 0.7203012181159492,
  "recall_macro": 0.7106666666666667,
  "f1_macro": 0.7092180130126663
}